wallet_address,source,chain,ip,client_version,device_platform_os_version,device_token,device_brief_compatible,client_created_at,created_at
qq9ncffctm4dh9rtdayqecfzazy8lfcef5hj6cps4l,NEW_IDENTITY,BITCOINCASH,103.135.103.227,android:2.11.3.2534:77,android:11,e757744d193a390b,vivo:V1936A:f36VMYcER86AXhsdJDIKs7:APA91bFhMf3ZcJ7n09d_oIzDorr4uPAx-3or3kQCShf2UGz9zji10qkr4JbNOdGJSam9urR0f3YJhjpbPy7KQ0Ibm0I4vgVZE1aDjxQZi51TEqTXmaADAyTya758hivkA6pBHQyoLtGs,2023-03-22 00:02:25 +0800,2023-03-22 00:02:26 +0800
TWpCNfC8zddd1nfMrBq6jRq9rngn9Rraop,NEW_IDENTITY,TRON,103.135.103.227,android:2.11.3.2534:77,android:11,e757744d193a390b,vivo:V1936A:f36VMYcER86AXhsdJDIKs7:APA91bFhMf3ZcJ7n09d_oIzDorr4uPAx-3or3kQCShf2UGz9zji10qkr4JbNOdGJSam9urR0f3YJhjpbPy7KQ0Ibm0I4vgVZE1aDjxQZi51TEqTXmaADAyTya758hivkA6pBHQyoLtGs,2023-03-22 00:02:25 +0800,2023-03-22 00:02:26 +0800
TQQQQQQFE9mUMc3SbrUL17FAvZcnPruzfr,PRIVATE,TRON,114.222.117.114,android:2.11.3.2534:77,android:11,e757744d193a390b,vivo:V1936A:f36VMYcER86AXhsdJDIKs7:APA91bFhMf3ZcJ7n09d_oIzDorr4uPAx-3or3kQCShf2UGz9zji10qkr4JbNOdGJSam9urR0f3YJhjpbPy7KQ0Ibm0I4vgVZE1aDjxQZi51TEqTXmaADAyTya758hivkA6pBHQyoLtGs,2023-03-20 21:12:21 +0800,2023-03-20 21:12:22 +0800
0x20d681eddE05a1494E4240366BD08C6d08529704,NEW_IDENTITY,ETHEREUM,114.222.117.114,android:2.11.3.2534:77,android:11,e757744d193a390b,vivo:V1936A:f36VMYcER86AXhsdJDIKs7:APA91bFhMf3ZcJ7n09d_oIzDorr4uPAx-3or3kQCShf2UGz9zji10qkr4JbNOdGJSam9urR0f3YJhjpbPy7KQ0Ibm0I4vgVZE1aDjxQZi51TEqTXmaADAyTya758hivkA6pBHQyoLtGs,2023-03-20 21:10:44 +0800,2023-03-20 21:10:45 +0800
392pcKzAfK3m1SJqsSfY3EmTp9vCyEE9fC,NEW_IDENTITY,BITCOIN,114.222.117.114,android:2.11.3.2534:77,android:11,e757744d193a390b,vivo:V1936A:f36VMYcER86AXhsdJDIKs7:APA91bFhMf3ZcJ7n09d_oIzDorr4uPAx-3or3kQCShf2UGz9zji10qkr4JbNOdGJSam9urR0f3YJhjpbPy7KQ0Ibm0I4vgVZE1aDjxQZi51TEqTXmaADAyTya758hivkA6pBHQyoLtGs,2023-03-20 21:10:44 +0800,2023-03-20 21:10:45 +0800
cosmos13g0wj5u8hqye9g3ujvwpngje3tr7rqykzgsw4x,NEW_IDENTITY,COSMOS,114.222.117.114,android:2.11.3.2534:77,android:11,e757744d193a390b,vivo:V1936A:f36VMYcER86AXhsdJDIKs7:APA91bFhMf3ZcJ7n09d_oIzDorr4uPAx-3or3kQCShf2UGz9zji10qkr4JbNOdGJSam9urR0f3YJhjpbPy7KQ0Ibm0I4vgVZE1aDjxQZi51TEqTXmaADAyTya758hivkA6pBHQyoLtGs,2023-03-20 21:10:44 +0800,2023-03-20 21:10:45 +0800
3AroAVXds2zmqrRSmWmcKo2eC6QD6pegvb,DELETE_WALLET,BITCOIN,158.51.126.64,,android:11,e757744d193a390b,vivo:V1936A:f36VMYcER86AXhsdJDIKs7:APA91bFhMf3ZcJ7n09d_oIzDorr4uPAx-3or3kQCShf2UGz9zji10qkr4JbNOdGJSam9urR0f3YJhjpbPy7KQ0Ibm0I4vgVZE1aDjxQZi51TEqTXmaADAyTya758hivkA6pBHQyoLtGs,,2023-03-19 15:23:46 +0800
cosmos1vv8hhmkfykaerwk7088vfevypqharldcu2cvga,DELETE_WALLET,COSMOS,158.51.126.64,,android:11,e757744d193a390b,vivo:V1936A:f36VMYcER86AXhsdJDIKs7:APA91bFhMf3ZcJ7n09d_oIzDorr4uPAx-3or3kQCShf2UGz9zji10qkr4JbNOdGJSam9urR0f3YJhjpbPy7KQ0Ibm0I4vgVZE1aDjxQZi51TEqTXmaADAyTya758hivkA6pBHQyoLtGs,,2023-03-19 15:23:46 +0800
0x6A7b3b97932aDB84673a2BC31d58ee11A8A0Ca3E,DELETE_WALLET,ETHEREUM,158.51.126.64,,android:11,e757744d193a390b,vivo:V1936A:f36VMYcER86AXhsdJDIKs7:APA91bFhMf3ZcJ7n09d_oIzDorr4uPAx-3or3kQCShf2UGz9zji10qkr4JbNOdGJSam9urR0f3YJhjpbPy7KQ0Ibm0I4vgVZE1aDjxQZi51TEqTXmaADAyTya758hivkA6pBHQyoLtGs,,2023-03-19 15:23:46 +0800
0x9E55ADa84Ca2183e5D148E93be804b0A906619A3,DELETE_WALLET,ETHEREUM,158.51.126.64,,android:11,e757744d193a390b,vivo:V1936A:f36VMYcER86AXhsdJDIKs7:APA91bFhMf3ZcJ7n09d_oIzDorr4uPAx-3or3kQCShf2UGz9zji10qkr4JbNOdGJSam9urR0f3YJhjpbPy7KQ0Ibm0I4vgVZE1aDjxQZi51TEqTXmaADAyTya758hivkA6pBHQyoLtGs,,2023-03-19 15:23:46 +0800
TLLWyBB1sQ7TN7KMZdFTWQQ26wF6EpdtYN,DELETE_WALLET,TRON,158.51.126.64,,android:11,e757744d193a390b,vivo:V1936A:f36VMYcER86AXhsdJDIKs7:APA91bFhMf3ZcJ7n09d_oIzDorr4uPAx-3or3kQCShf2UGz9zji10qkr4JbNOdGJSam9urR0f3YJhjpbPy7KQ0Ibm0I4vgVZE1aDjxQZi51TEqTXmaADAyTya758hivkA6pBHQyoLtGs,,2023-03-19 15:23:46 +0800
TQQQQQQFE9mUMc3SbrUL17FAvZcnPruzfr,DELETE_WALLET,TRON,158.51.126.64,,android:11,e757744d193a390b,vivo:V1936A:f36VMYcER86AXhsdJDIKs7:APA91bFhMf3ZcJ7n09d_oIzDorr4uPAx-3or3kQCShf2UGz9zji10qkr4JbNOdGJSam9urR0f3YJhjpbPy7KQ0Ibm0I4vgVZE1aDjxQZi51TEqTXmaADAyTya758hivkA6pBHQyoLtGs,,2023-03-19 15:23:46 +0800
TQQQQQQFE9mUMc3SbrUL17FAvZcnPruzfr,PRIVATE,TRON,103.135.103.183,android:2.11.3.2534:77,android:11,e757744d193a390b,vivo:V1936A:f36VMYcER86AXhsdJDIKs7:APA91bFhMf3ZcJ7n09d_oIzDorr4uPAx-3or3kQCShf2UGz9zji10qkr4JbNOdGJSam9urR0f3YJhjpbPy7KQ0Ibm0I4vgVZE1aDjxQZi51TEqTXmaADAyTya758hivkA6pBHQyoLtGs,2023-03-16 14:48:04 +0800,2023-03-16 14:48:05 +0800
TLLWyBB1sQ7TN7KMZdFTWQQ26wF6EpdtYN,NEW_IDENTITY,TRON,103.135.103.183,android:2.11.3.2534:77,android:11,e757744d193a390b,vivo:V1936A:f36VMYcER86AXhsdJDIKs7:APA91bFhMf3ZcJ7n09d_oIzDorr4uPAx-3or3kQCShf2UGz9zji10qkr4JbNOdGJSam9urR0f3YJhjpbPy7KQ0Ibm0I4vgVZE1aDjxQZi51TEqTXmaADAyTya758hivkA6pBHQyoLtGs,2023-03-16 14:47:14 +0800,2023-03-16 14:47:15 +0800
0x9E55ADa84Ca2183e5D148E93be804b0A906619A3,PRIVATE,ETHEREUM,103.135.103.183,android:2.11.3.2534:77,android:11,e757744d193a390b,vivo:V1936A:f36VMYcER86AXhsdJDIKs7:APA91bFhMf3ZcJ7n09d_oIzDorr4uPAx-3or3kQCShf2UGz9zji10qkr4JbNOdGJSam9urR0f3YJhjpbPy7KQ0Ibm0I4vgVZE1aDjxQZi51TEqTXmaADAyTya758hivkA6pBHQyoLtGs,2023-03-16 14:46:06 +0800,2023-03-16 14:46:07 +0800
0x6A7b3b97932aDB84673a2BC31d58ee11A8A0Ca3E,NEW_IDENTITY,ETHEREUM,103.135.103.183,android:2.11.3.2534:77,android:11,e757744d193a390b,vivo:V1936A:f36VMYcER86AXhsdJDIKs7:APA91bFhMf3ZcJ7n09d_oIzDorr4uPAx-3or3kQCShf2UGz9zji10qkr4JbNOdGJSam9urR0f3YJhjpbPy7KQ0Ibm0I4vgVZE1aDjxQZi51TEqTXmaADAyTya758hivkA6pBHQyoLtGs,2023-03-16 14:43:43 +0800,2023-03-16 14:43:44 +0800
3AroAVXds2zmqrRSmWmcKo2eC6QD6pegvb,NEW_IDENTITY,BITCOIN,103.135.103.183,android:2.11.3.2534:77,android:11,e757744d193a390b,vivo:V1936A:f36VMYcER86AXhsdJDIKs7:APA91bFhMf3ZcJ7n09d_oIzDorr4uPAx-3or3kQCShf2UGz9zji10qkr4JbNOdGJSam9urR0f3YJhjpbPy7KQ0Ibm0I4vgVZE1aDjxQZi51TEqTXmaADAyTya758hivkA6pBHQyoLtGs,2023-03-16 14:43:43 +0800,2023-03-16 14:43:44 +0800
cosmos1vv8hhmkfykaerwk7088vfevypqharldcu2cvga,NEW_IDENTITY,COSMOS,103.135.103.183,android:2.11.3.2534:77,android:11,e757744d193a390b,vivo:V1936A:f36VMYcER86AXhsdJDIKs7:APA91bFhMf3ZcJ7n09d_oIzDorr4uPAx-3or3kQCShf2UGz9zji10qkr4JbNOdGJSam9urR0f3YJhjpbPy7KQ0Ibm0I4vgVZE1aDjxQZi51TEqTXmaADAyTya758hivkA6pBHQyoLtGs,2023-03-16 14:43:43 +0800,2023-03-16 14:43:44 +0800
32ErCQbZx1f6GCwiDBSwRaEjHiCyrEWf1H,DELETE_WALLET,BITCOIN,103.135.103.183,,android:11,e757744d193a390b,vivo:V1936A:f36VMYcER86AXhsdJDIKs7:APA91bFhMf3ZcJ7n09d_oIzDorr4uPAx-3or3kQCShf2UGz9zji10qkr4JbNOdGJSam9urR0f3YJhjpbPy7KQ0Ibm0I4vgVZE1aDjxQZi51TEqTXmaADAyTya758hivkA6pBHQyoLtGs,,2023-03-16 14:40:17 +0800
cosmos1ve5uf7t3qzx57fwn5qzal7najk9rugqxu3es49,DELETE_WALLET,COSMOS,103.135.103.183,,android:11,e757744d193a390b,vivo:V1936A:f36VMYcER86AXhsdJDIKs7:APA91bFhMf3ZcJ7n09d_oIzDorr4uPAx-3or3kQCShf2UGz9zji10qkr4JbNOdGJSam9urR0f3YJhjpbPy7KQ0Ibm0I4vgVZE1aDjxQZi51TEqTXmaADAyTya758hivkA6pBHQyoLtGs,,2023-03-16 14:40:17 +0800
0xa757207D91E5f8647009D1B9716b080426126E36,DELETE_WALLET,ETHEREUM,103.135.103.183,,android:11,e757744d193a390b,vivo:V1936A:f36VMYcER86AXhsdJDIKs7:APA91bFhMf3ZcJ7n09d_oIzDorr4uPAx-3or3kQCShf2UGz9zji10qkr4JbNOdGJSam9urR0f3YJhjpbPy7KQ0Ibm0I4vgVZE1aDjxQZi51TEqTXmaADAyTya758hivkA6pBHQyoLtGs,,2023-03-16 14:40:17 +0800
TYmuaBRRZ7hrQS6RfVTxm2PfxcXioYY6bQ,DELETE_WALLET,TRON,103.135.103.183,,android:11,e757744d193a390b,vivo:V1936A:f36VMYcER86AXhsdJDIKs7:APA91bFhMf3ZcJ7n09d_oIzDorr4uPAx-3or3kQCShf2UGz9zji10qkr4JbNOdGJSam9urR0f3YJhjpbPy7KQ0Ibm0I4vgVZE1aDjxQZi51TEqTXmaADAyTya758hivkA6pBHQyoLtGs,,2023-03-16 14:40:17 +0800
TYmuaBRRZ7hrQS6RfVTxm2PfxcXioYY6bQ,NEW_IDENTITY,TRON,103.135.103.227,android:2.11.2.2195:75,android:11,e757744d193a390b,vivo:V1936A:f36VMYcER86AXhsdJDIKs7:APA91bFhMf3ZcJ7n09d_oIzDorr4uPAx-3or3kQCShf2UGz9zji10qkr4JbNOdGJSam9urR0f3YJhjpbPy7KQ0Ibm0I4vgVZE1aDjxQZi51TEqTXmaADAyTya758hivkA6pBHQyoLtGs,2023-01-05 19:20:52 +0800,2023-01-05 19:20:53 +0800
0xa757207D91E5f8647009D1B9716b080426126E36,NEW_IDENTITY,ETHEREUM,103.135.103.227,android:2.11.2.2195:75,android:11,e757744d193a390b,vivo:V1936A:f36VMYcER86AXhsdJDIKs7:APA91bFhMf3ZcJ7n09d_oIzDorr4uPAx-3or3kQCShf2UGz9zji10qkr4JbNOdGJSam9urR0f3YJhjpbPy7KQ0Ibm0I4vgVZE1aDjxQZi51TEqTXmaADAyTya758hivkA6pBHQyoLtGs,2023-01-05 19:11:39 +0800,2023-01-05 19:11:41 +0800
32ErCQbZx1f6GCwiDBSwRaEjHiCyrEWf1H,NEW_IDENTITY,BITCOIN,103.135.103.227,android:2.11.2.2195:75,android:11,e757744d193a390b,vivo:V1936A:f36VMYcER86AXhsdJDIKs7:APA91bFhMf3ZcJ7n09d_oIzDorr4uPAx-3or3kQCShf2UGz9zji10qkr4JbNOdGJSam9urR0f3YJhjpbPy7KQ0Ibm0I4vgVZE1aDjxQZi51TEqTXmaADAyTya758hivkA6pBHQyoLtGs,2023-01-05 19:11:39 +0800,2023-01-05 19:11:41 +0800
cosmos1ve5uf7t3qzx57fwn5qzal7najk9rugqxu3es49,NEW_IDENTITY,COSMOS,103.135.103.227,android:2.11.2.2195:75,android:11,e757744d193a390b,vivo:V1936A:f36VMYcER86AXhsdJDIKs7:APA91bFhMf3ZcJ7n09d_oIzDorr4uPAx-3or3kQCShf2UGz9zji10qkr4JbNOdGJSam9urR0f3YJhjpbPy7KQ0Ibm0I4vgVZE1aDjxQZi51TEqTXmaADAyTya758hivkA6pBHQyoLtGs,2023-01-05 19:11:39 +0800,2023-01-05 19:11:41 +0800
3GGw5bT7zSvEY5btRzsQYBZniE8d9BcT51,DELETE_WALLET,BITCOIN,103.135.103.227,,android:11,e757744d193a390b,vivo:V1936A:f36VMYcER86AXhsdJDIKs7:APA91bFhMf3ZcJ7n09d_oIzDorr4uPAx-3or3kQCShf2UGz9zji10qkr4JbNOdGJSam9urR0f3YJhjpbPy7KQ0Ibm0I4vgVZE1aDjxQZi51TEqTXmaADAyTya758hivkA6pBHQyoLtGs,,2023-01-05 19:10:27 +0800
cosmos1hjvhstmz4uqmt7x55pjd9z6k0u2cslpsd5rg8f,DELETE_WALLET,COSMOS,103.135.103.227,,android:11,e757744d193a390b,vivo:V1936A:f36VMYcER86AXhsdJDIKs7:APA91bFhMf3ZcJ7n09d_oIzDorr4uPAx-3or3kQCShf2UGz9zji10qkr4JbNOdGJSam9urR0f3YJhjpbPy7KQ0Ibm0I4vgVZE1aDjxQZi51TEqTXmaADAyTya758hivkA6pBHQyoLtGs,,2023-01-05 19:10:27 +0800
0x20D5b3ca0feCCe4b38FCA9ebb8299af5ee8b3ec8,DELETE_WALLET,ETHEREUM,103.135.103.227,,android:11,e757744d193a390b,vivo:V1936A:f36VMYcER86AXhsdJDIKs7:APA91bFhMf3ZcJ7n09d_oIzDorr4uPAx-3or3kQCShf2UGz9zji10qkr4JbNOdGJSam9urR0f3YJhjpbPy7KQ0Ibm0I4vgVZE1aDjxQZi51TEqTXmaADAyTya758hivkA6pBHQyoLtGs,,2023-01-05 19:10:27 +0800
TXVQJSFesVBdJ6Xznf8RmTfhXJ5QFUo9vk,DELETE_WALLET,TRON,103.135.103.227,,android:11,e757744d193a390b,vivo:V1936A:f36VMYcER86AXhsdJDIKs7:APA91bFhMf3ZcJ7n09d_oIzDorr4uPAx-3or3kQCShf2UGz9zji10qkr4JbNOdGJSam9urR0f3YJhjpbPy7KQ0Ibm0I4vgVZE1aDjxQZi51TEqTXmaADAyTya758hivkA6pBHQyoLtGs,,2023-01-05 19:10:27 +0800
TXVQJSFesVBdJ6Xznf8RmTfhXJ5QFUo9vk,NEW_IDENTITY,TRON,50.7.17.129,android:2.10.4.1787:68,android:11,e757744d193a390b,vivo:V1936A:f36VMYcER86AXhsdJDIKs7:APA91bFhMf3ZcJ7n09d_oIzDorr4uPAx-3or3kQCShf2UGz9zji10qkr4JbNOdGJSam9urR0f3YJhjpbPy7KQ0Ibm0I4vgVZE1aDjxQZi51TEqTXmaADAyTya758hivkA6pBHQyoLtGs,2022-08-02 03:48:51 +0800,2022-08-02 03:48:53 +0800
0x20D5b3ca0feCCe4b38FCA9ebb8299af5ee8b3ec8,NEW_IDENTITY,ETHEREUM,50.7.17.129,android:2.10.4.1787:68,android:11,e757744d193a390b,vivo:V1936A:f36VMYcER86AXhsdJDIKs7:APA91bFhMf3ZcJ7n09d_oIzDorr4uPAx-3or3kQCShf2UGz9zji10qkr4JbNOdGJSam9urR0f3YJhjpbPy7KQ0Ibm0I4vgVZE1aDjxQZi51TEqTXmaADAyTya758hivkA6pBHQyoLtGs,2022-08-02 03:48:35 +0800,2022-08-02 03:48:38 +0800
3GGw5bT7zSvEY5btRzsQYBZniE8d9BcT51,NEW_IDENTITY,BITCOIN,50.7.17.129,android:2.10.4.1787:68,android:11,e757744d193a390b,vivo:V1936A:f36VMYcER86AXhsdJDIKs7:APA91bFhMf3ZcJ7n09d_oIzDorr4uPAx-3or3kQCShf2UGz9zji10qkr4JbNOdGJSam9urR0f3YJhjpbPy7KQ0Ibm0I4vgVZE1aDjxQZi51TEqTXmaADAyTya758hivkA6pBHQyoLtGs,2022-08-02 03:48:35 +0800,2022-08-02 03:48:38 +0800
cosmos1hjvhstmz4uqmt7x55pjd9z6k0u2cslpsd5rg8f,NEW_IDENTITY,COSMOS,50.7.17.129,android:2.10.4.1787:68,android:11,e757744d193a390b,vivo:V1936A:f36VMYcER86AXhsdJDIKs7:APA91bFhMf3ZcJ7n09d_oIzDorr4uPAx-3or3kQCShf2UGz9zji10qkr4JbNOdGJSam9urR0f3YJhjpbPy7KQ0Ibm0I4vgVZE1aDjxQZi51TEqTXmaADAyTya758hivkA6pBHQyoLtGs,2022-08-02 03:48:35 +0800,2022-08-02 03:48:38 +0800
