去重之后全部地址,,,,,
TErfsBe9CYCbq6ZqhkGiRv5CqU6Knc115e,,,,,
TTrF9iMfzjDLBjhNxkCBdU4EThrXLjyfqo,,,,,
TVx5AkAU2sCgBZcTtzD98Bq4QvG6RKRgbH,,,,,
wallet_address,create_time,user-agent,ip,port,wallet_type
TErfsBe9CYCbq6ZqhkGiRv5CqU6Knc115e,2023-08-22 15:59:59"",TokenPocket/iOS appVersion/2.1.1 package/com.global.wallet.ios,112.211.77.203,5476,0
TErfsBe9CYCbq6ZqhkGiRv5CqU6Knc115e,2023-08-22 15:43:04"",TokenPocket/iOS appVersion/2.1.1 package/com.global.wallet.ios,112.211.77.203,28976,0
TErfsBe9CYCbq6ZqhkGiRv5CqU6Knc115e,2023-08-22 15:33:09"",TokenPocket/iOS appVersion/2.1.1 package/com.global.wallet.ios,112.211.77.203,36580,0
TErfsBe9CYCbq6ZqhkGiRv5CqU6Knc115e,2023-08-22 15:28:48"",TokenPocket/iOS appVersion/2.1.1 package/com.global.wallet.ios,112.211.77.203,25024,0
TErfsBe9CYCbq6ZqhkGiRv5CqU6Knc115e,2023-08-22 15:26:50"",TokenPocket/iOS appVersion/2.1.1 package/com.global.wallet.ios,112.211.77.203,18106,0
TErfsBe9CYCbq6ZqhkGiRv5CqU6Knc115e,2023-08-22 15:26:08"",TokenPocket/iOS appVersion/2.1.1 package/com.global.wallet.ios,112.211.77.203,50544,0
TErfsBe9CYCbq6ZqhkGiRv5CqU6Knc115e,2023-08-22 15:26:02"",TokenPocket/iOS appVersion/2.1.1 package/com.global.wallet.ios,112.211.77.203,50408,0
TErfsBe9CYCbq6ZqhkGiRv5CqU6Knc115e,2023-08-22 15:22:28"",TokenPocket/iOS appVersion/2.1.1 package/com.global.wallet.ios,112.211.77.203,45024,0
TErfsBe9CYCbq6ZqhkGiRv5CqU6Knc115e,2023-08-22 15:03:58"",TokenPocket/iOS appVersion/2.1.1 package/com.global.wallet.ios,112.211.77.203,33594,0
TErfsBe9CYCbq6ZqhkGiRv5CqU6Knc115e,2023-08-22 15:03:05"",TokenPocket/iOS appVersion/2.1.1 package/com.global.wallet.ios,112.211.77.203,35540,0
TErfsBe9CYCbq6ZqhkGiRv5CqU6Knc115e,2023-08-22 13:11:31"",TokenPocket/iOS appVersion/2.1.1 package/com.global.wallet.ios,112.211.77.203,22706,0
TErfsBe9CYCbq6ZqhkGiRv5CqU6Knc115e,2023-08-22 01:58:16"",TokenPocket/iOS appVersion/2.1.1 package/com.global.wallet.ios,112.211.77.203,63206,0
TErfsBe9CYCbq6ZqhkGiRv5CqU6Knc115e,2023-08-22 01:47:30"",TokenPocket/iOS appVersion/2.1.1 package/com.global.wallet.ios,112.211.77.203,59264,0
TErfsBe9CYCbq6ZqhkGiRv5CqU6Knc115e,2023-08-22 01:23:41"",TokenPocket/iOS appVersion/2.1.1 package/com.global.wallet.ios,112.211.77.203,60392,0
TErfsBe9CYCbq6ZqhkGiRv5CqU6Knc115e,2023-08-22 01:21:21"",TokenPocket/iOS appVersion/2.1.1 package/com.global.wallet.ios,112.211.77.203,57332,0
TErfsBe9CYCbq6ZqhkGiRv5CqU6Knc115e,2023-08-22 01:20:49"",TokenPocket/iOS appVersion/2.1.1 package/com.global.wallet.ios,112.211.77.203,23558,0
TErfsBe9CYCbq6ZqhkGiRv5CqU6Knc115e,2023-08-22 00:29:07"",TokenPocket/iOS appVersion/2.1.1 package/com.global.wallet.ios,175.176.18.163,20874,0
TErfsBe9CYCbq6ZqhkGiRv5CqU6Knc115e,2023-08-21 19:56:08"",TokenPocket/iOS appVersion/2.1.1 package/com.global.wallet.ios,112.211.77.203,20208,0
TErfsBe9CYCbq6ZqhkGiRv5CqU6Knc115e,2023-08-21 19:53:39"",TokenPocket/iOS appVersion/2.1.1 package/com.global.wallet.ios,112.211.77.203,10544,0
TErfsBe9CYCbq6ZqhkGiRv5CqU6Knc115e,2023-08-21 19:06:12"",TokenPocket/iOS appVersion/2.1.1 package/com.global.wallet.ios,112.211.77.203,40320,0
TErfsBe9CYCbq6ZqhkGiRv5CqU6Knc115e,2023-08-21 19:01:39"",TokenPocket/iOS appVersion/2.1.1 package/com.global.wallet.ios,112.211.77.203,58938,0
TErfsBe9CYCbq6ZqhkGiRv5CqU6Knc115e,2023-08-21 18:52:47"",TokenPocket/iOS appVersion/2.1.1 package/com.global.wallet.ios,112.211.77.203,36858,0
TErfsBe9CYCbq6ZqhkGiRv5CqU6Knc115e,2023-08-21 18:51:15"",TokenPocket/iOS appVersion/2.1.1 package/com.global.wallet.ios,112.211.77.203,33180,0
TErfsBe9CYCbq6ZqhkGiRv5CqU6Knc115e,2023-08-21 18:09:40"",TokenPocket/iOS appVersion/2.1.1 package/com.global.wallet.ios,112.211.77.203,41988,0
TErfsBe9CYCbq6ZqhkGiRv5CqU6Knc115e,2023-08-21 18:07:04"",TokenPocket/iOS appVersion/2.1.1 package/com.global.wallet.ios,112.211.77.203,61160,0
TErfsBe9CYCbq6ZqhkGiRv5CqU6Knc115e,2023-08-21 15:48:34"",TokenPocket/iOS appVersion/2.1.1 package/com.global.wallet.ios,112.211.77.203,33074,0
TErfsBe9CYCbq6ZqhkGiRv5CqU6Knc115e,2023-08-21 15:07:34"",TokenPocket/iOS appVersion/2.1.1 package/com.global.wallet.ios,112.211.77.203,31770,0
TErfsBe9CYCbq6ZqhkGiRv5CqU6Knc115e,2023-08-21 15:02:16"",TokenPocket/iOS appVersion/2.1.1 package/com.global.wallet.ios,112.211.77.203,20976,0
TErfsBe9CYCbq6ZqhkGiRv5CqU6Knc115e,2023-08-21 14:37:30"",TokenPocket/iOS appVersion/2.1.1 package/com.global.wallet.ios,112.211.77.203,52254,0
TErfsBe9CYCbq6ZqhkGiRv5CqU6Knc115e,2023-08-21 14:30:30"",TokenPocket/iOS appVersion/2.1.1 package/com.global.wallet.ios,112.211.77.203,4320,0
TErfsBe9CYCbq6ZqhkGiRv5CqU6Knc115e,2023-08-21 14:17:36"",TokenPocket/iOS appVersion/2.1.1 package/com.global.wallet.ios,112.211.77.203,6388,0
TErfsBe9CYCbq6ZqhkGiRv5CqU6Knc115e,2023-08-21 13:45:53"",TokenPocket/iOS appVersion/2.1.1 package/com.global.wallet.ios,112.211.77.203,31808,0
TErfsBe9CYCbq6ZqhkGiRv5CqU6Knc115e,2023-08-21 13:17:54"",TokenPocket/iOS appVersion/2.1.1 package/com.global.wallet.ios,112.211.77.203,32888,0
TErfsBe9CYCbq6ZqhkGiRv5CqU6Knc115e,2023-08-21 13:09:30"",TokenPocket/iOS appVersion/2.1.1 package/com.global.wallet.ios,112.211.77.203,56846,0
TErfsBe9CYCbq6ZqhkGiRv5CqU6Knc115e,2023-08-21 12:59:32"",TokenPocket/iOS appVersion/2.1.1 package/com.global.wallet.ios,112.211.77.203,31574,0
TErfsBe9CYCbq6ZqhkGiRv5CqU6Knc115e,2023-08-21 12:58:07"",TokenPocket/iOS appVersion/2.1.1 package/com.global.wallet.ios,112.211.77.203,23022,0
TErfsBe9CYCbq6ZqhkGiRv5CqU6Knc115e,2023-08-21 12:50:04"",TokenPocket/iOS appVersion/2.1.1 package/com.global.wallet.ios,112.211.77.203,2236,0
TErfsBe9CYCbq6ZqhkGiRv5CqU6Knc115e,2023-08-21 12:48:04"",TokenPocket/iOS appVersion/2.1.1 package/com.global.wallet.ios,112.211.77.203,26618,0
TErfsBe9CYCbq6ZqhkGiRv5CqU6Knc115e,2023-08-21 11:39:54"",TokenPocket/iOS appVersion/2.1.1 package/com.global.wallet.ios,112.211.77.203,20974,0
TErfsBe9CYCbq6ZqhkGiRv5CqU6Knc115e,2023-08-21 05:36:02"",TokenPocket/iOS appVersion/2.1.1 package/com.global.wallet.ios,112.211.77.203,49238,0
TErfsBe9CYCbq6ZqhkGiRv5CqU6Knc115e,2023-08-21 04:19:01"",TokenPocket/iOS appVersion/2.1.1 package/com.global.wallet.ios,112.211.77.203,62206,0
TErfsBe9CYCbq6ZqhkGiRv5CqU6Knc115e,2023-08-21 00:27:28"",TokenPocket/iOS appVersion/2.1.1 package/com.global.wallet.ios,112.211.77.203,6844,0
TErfsBe9CYCbq6ZqhkGiRv5CqU6Knc115e,2023-08-20 23:59:53"",TokenPocket/iOS appVersion/2.1.1 package/com.global.wallet.ios,112.211.77.203,10636,0
TErfsBe9CYCbq6ZqhkGiRv5CqU6Knc115e,2023-08-20 22:29:39"",TokenPocket/iOS appVersion/2.1.1 package/com.global.wallet.ios,112.211.77.203,37290,0
TErfsBe9CYCbq6ZqhkGiRv5CqU6Knc115e,2023-08-20 21:43:09"",TokenPocket/iOS appVersion/2.1.1 package/com.global.wallet.ios,112.211.77.203,10544,0
TErfsBe9CYCbq6ZqhkGiRv5CqU6Knc115e,2023-08-20 20:11:32"",TokenPocket/iOS appVersion/2.1.1 package/com.global.wallet.ios,112.211.77.203,11376,0
TErfsBe9CYCbq6ZqhkGiRv5CqU6Knc115e,2023-08-20 20:09:38"",TokenPocket/iOS appVersion/2.1.1 package/com.global.wallet.ios,112.211.77.203,5292,0
TErfsBe9CYCbq6ZqhkGiRv5CqU6Knc115e,2023-08-20 18:56:51"",TokenPocket/iOS appVersion/2.1.1 package/com.global.wallet.ios,112.211.77.203,63928,0
TErfsBe9CYCbq6ZqhkGiRv5CqU6Knc115e,2023-08-20 18:46:50"",TokenPocket/iOS appVersion/2.1.1 package/com.global.wallet.ios,112.211.77.203,63618,0
TErfsBe9CYCbq6ZqhkGiRv5CqU6Knc115e,2023-08-20 18:45:27"",TokenPocket/iOS appVersion/2.1.1 package/com.global.wallet.ios,112.211.77.203,26018,0
TErfsBe9CYCbq6ZqhkGiRv5CqU6Knc115e,2023-08-20 18:08:24"",TokenPocket/iOS appVersion/2.1.1 package/com.global.wallet.ios,112.211.77.203,14006,0
TErfsBe9CYCbq6ZqhkGiRv5CqU6Knc115e,2023-08-20 16:35:49"",TokenPocket/iOS appVersion/2.1.1 package/com.global.wallet.ios,112.211.77.203,50202,0
TErfsBe9CYCbq6ZqhkGiRv5CqU6Knc115e,2023-08-20 16:15:45"",TokenPocket/iOS appVersion/2.1.1 package/com.global.wallet.ios,112.211.77.203,61322,0
TErfsBe9CYCbq6ZqhkGiRv5CqU6Knc115e,2023-08-20 14:14:41"",TokenPocket/iOS appVersion/2.1.1 package/com.global.wallet.ios,112.211.77.203,40826,0
TErfsBe9CYCbq6ZqhkGiRv5CqU6Knc115e,2023-08-20 09:13:07"",TokenPocket/iOS appVersion/2.1.1 package/com.global.wallet.ios,112.211.77.203,15894,0
TErfsBe9CYCbq6ZqhkGiRv5CqU6Knc115e,2023-08-19 21:10:43"",TokenPocket/iOS appVersion/2.1.1 package/com.global.wallet.ios,112.211.77.203,36350,0
TErfsBe9CYCbq6ZqhkGiRv5CqU6Knc115e,2023-08-19 21:06:58"",TokenPocket/iOS appVersion/2.1.1 package/com.global.wallet.ios,112.211.77.203,21248,0
TErfsBe9CYCbq6ZqhkGiRv5CqU6Knc115e,2023-08-19 20:56:33"",TokenPocket/iOS appVersion/2.1.1 package/com.global.wallet.ios,112.211.77.203,3540,0
TErfsBe9CYCbq6ZqhkGiRv5CqU6Knc115e,2023-08-19 20:51:47"",TokenPocket/iOS appVersion/2.1.1 package/com.global.wallet.ios,175.176.33.13,31994,0
TErfsBe9CYCbq6ZqhkGiRv5CqU6Knc115e,2023-08-19 17:18:28"",TokenPocket/iOS appVersion/2.1.1 package/com.global.wallet.ios,112.211.77.203,47668,0
TErfsBe9CYCbq6ZqhkGiRv5CqU6Knc115e,2023-08-19 17:17:32"",TokenPocket/iOS appVersion/2.1.1 package/com.global.wallet.ios,112.211.77.203,7184,0
TErfsBe9CYCbq6ZqhkGiRv5CqU6Knc115e,2023-08-19 16:04:07"",TokenPocket/iOS appVersion/2.1.1 package/com.global.wallet.ios,112.211.77.203,2070,0
TErfsBe9CYCbq6ZqhkGiRv5CqU6Knc115e,2023-08-19 15:49:17"",TokenPocket/iOS appVersion/2.1.1 package/com.global.wallet.ios,112.211.77.203,2266,0
TErfsBe9CYCbq6ZqhkGiRv5CqU6Knc115e,2023-08-19 14:42:00"",TokenPocket/iOS appVersion/2.1.1 package/com.global.wallet.ios,112.211.77.203,23538,0
TErfsBe9CYCbq6ZqhkGiRv5CqU6Knc115e,2023-08-19 13:48:00"",TokenPocket/iOS appVersion/2.1.1 package/com.global.wallet.ios,112.211.77.203,38670,0
TErfsBe9CYCbq6ZqhkGiRv5CqU6Knc115e,2023-08-19 13:45:43"",TokenPocket/iOS appVersion/2.1.1 package/com.global.wallet.ios,112.211.77.203,34532,0
TErfsBe9CYCbq6ZqhkGiRv5CqU6Knc115e,2023-08-19 13:43:20"",TokenPocket/iOS appVersion/2.1.1 package/com.global.wallet.ios,112.211.77.203,60468,0
TErfsBe9CYCbq6ZqhkGiRv5CqU6Knc115e,2023-08-19 11:43:14"",TokenPocket/iOS appVersion/2.1.1 package/com.global.wallet.ios,112.211.77.203,42976,0
TErfsBe9CYCbq6ZqhkGiRv5CqU6Knc115e,2023-08-19 11:27:19"",TokenPocket/iOS appVersion/2.1.1 package/com.global.wallet.ios,112.211.77.203,8172,0
TErfsBe9CYCbq6ZqhkGiRv5CqU6Knc115e,2023-08-19 11:08:28"",TokenPocket/iOS appVersion/2.1.1 package/com.global.wallet.ios,112.211.77.203,26468,0
TErfsBe9CYCbq6ZqhkGiRv5CqU6Knc115e,2023-08-19 11:07:29"",TokenPocket/iOS appVersion/2.1.1 package/com.global.wallet.ios,112.211.77.203,20148,0
TErfsBe9CYCbq6ZqhkGiRv5CqU6Knc115e,2023-08-19 03:29:24"",TokenPocket/iOS appVersion/2.1.1 package/com.global.wallet.ios,112.211.77.203,52198,0
TErfsBe9CYCbq6ZqhkGiRv5CqU6Knc115e,2023-08-19 00:33:17"",TokenPocket/iOS appVersion/2.1.1 package/com.global.wallet.ios,112.211.77.203,35730,0
TErfsBe9CYCbq6ZqhkGiRv5CqU6Knc115e,2023-08-18 19:48:48"",TokenPocket/iOS appVersion/2.1.1 package/com.global.wallet.ios,112.211.77.203,53712,0
TErfsBe9CYCbq6ZqhkGiRv5CqU6Knc115e,2023-08-18 18:55:52"",TokenPocket/iOS appVersion/2.1.1 package/com.global.wallet.ios,112.211.77.203,35540,0
TErfsBe9CYCbq6ZqhkGiRv5CqU6Knc115e,2023-08-18 18:44:30"",TokenPocket/iOS appVersion/2.1.1 package/com.global.wallet.ios,112.211.77.203,50904,0
TErfsBe9CYCbq6ZqhkGiRv5CqU6Knc115e,2023-08-18 18:43:30"",TokenPocket/iOS appVersion/2.1.1 package/com.global.wallet.ios,112.211.77.203,43942,0
TErfsBe9CYCbq6ZqhkGiRv5CqU6Knc115e,2023-08-18 18:09:02"",TokenPocket/iOS appVersion/2.1.1 package/com.global.wallet.ios,112.211.77.203,30916,0
TErfsBe9CYCbq6ZqhkGiRv5CqU6Knc115e,2023-08-18 18:07:55"",TokenPocket/iOS appVersion/2.1.1 package/com.global.wallet.ios,112.211.77.203,29498,0
TErfsBe9CYCbq6ZqhkGiRv5CqU6Knc115e,2023-08-18 18:07:48"",TokenPocket/iOS appVersion/2.1.1 package/com.global.wallet.ios,112.211.77.203,22326,0
TErfsBe9CYCbq6ZqhkGiRv5CqU6Knc115e,2023-08-18 18:06:29"",TokenPocket/iOS appVersion/2.1.1 package/com.global.wallet.ios,112.211.77.203,47716,0
TErfsBe9CYCbq6ZqhkGiRv5CqU6Knc115e,2023-08-18 17:54:27"",TokenPocket/iOS appVersion/2.1.1 package/com.global.wallet.ios,112.211.77.203,23644,0
TErfsBe9CYCbq6ZqhkGiRv5CqU6Knc115e,2023-08-18 17:49:09"",TokenPocket/iOS appVersion/2.1.1 package/com.global.wallet.ios,112.211.77.203,1634,0
TErfsBe9CYCbq6ZqhkGiRv5CqU6Knc115e,2023-08-18 17:43:21"",TokenPocket/iOS appVersion/2.1.1 package/com.global.wallet.ios,112.211.77.203,55554,0
TErfsBe9CYCbq6ZqhkGiRv5CqU6Knc115e,2023-08-18 15:57:59"",TokenPocket/iOS appVersion/2.1.1 package/com.global.wallet.ios,112.211.77.203,64504,0
TErfsBe9CYCbq6ZqhkGiRv5CqU6Knc115e,2023-08-18 14:53:59"",TokenPocket/iOS appVersion/2.1.1 package/com.global.wallet.ios,112.211.77.203,41092,0
TErfsBe9CYCbq6ZqhkGiRv5CqU6Knc115e,2023-08-18 14:52:12"",TokenPocket/iOS appVersion/2.1.1 package/com.global.wallet.ios,112.211.77.203,63622,0
TErfsBe9CYCbq6ZqhkGiRv5CqU6Knc115e,2023-08-18 14:47:18"",TokenPocket/iOS appVersion/2.1.1 package/com.global.wallet.ios,112.211.77.203,18520,0
TErfsBe9CYCbq6ZqhkGiRv5CqU6Knc115e,2023-08-18 14:23:39"",TokenPocket/iOS appVersion/2.1.1 package/com.global.wallet.ios,112.211.77.203,30556,0
TErfsBe9CYCbq6ZqhkGiRv5CqU6Knc115e,2023-08-18 14:22:56"",TokenPocket/iOS appVersion/2.1.1 package/com.global.wallet.ios,112.211.77.203,35920,0
TErfsBe9CYCbq6ZqhkGiRv5CqU6Knc115e,2023-08-18 14:08:12"",TokenPocket/iOS appVersion/2.1.1 package/com.global.wallet.ios,112.211.77.203,14138,0
TErfsBe9CYCbq6ZqhkGiRv5CqU6Knc115e,2023-08-18 13:39:03"",TokenPocket/iOS appVersion/2.1.1 package/com.global.wallet.ios,112.211.77.203,13676,0
TErfsBe9CYCbq6ZqhkGiRv5CqU6Knc115e,2023-08-18 13:35:36"",TokenPocket/iOS appVersion/2.1.1 package/com.global.wallet.ios,112.211.77.203,6140,0
TErfsBe9CYCbq6ZqhkGiRv5CqU6Knc115e,2023-08-18 13:26:25"",TokenPocket/iOS appVersion/2.1.1 package/com.global.wallet.ios,112.211.77.203,19336,0
TErfsBe9CYCbq6ZqhkGiRv5CqU6Knc115e,2023-08-18 12:34:19"",TokenPocket/iOS appVersion/2.1.1 package/com.global.wallet.ios,112.211.77.203,17244,0
TErfsBe9CYCbq6ZqhkGiRv5CqU6Knc115e,2023-08-18 05:39:14"",TokenPocket/iOS appVersion/2.1.1 package/com.global.wallet.ios,112.211.77.203,15304,0
TErfsBe9CYCbq6ZqhkGiRv5CqU6Knc115e,2023-08-17 22:47:23"",TokenPocket/iOS appVersion/2.1.1 package/com.global.wallet.ios,112.211.77.203,5360,0
TErfsBe9CYCbq6ZqhkGiRv5CqU6Knc115e,2023-08-17 18:33:21"",TokenPocket/iOS appVersion/2.1.1 package/com.global.wallet.ios,112.211.77.203,59422,0
TErfsBe9CYCbq6ZqhkGiRv5CqU6Knc115e,2023-08-17 17:12:39"",TokenPocket/iOS appVersion/2.1.1 package/com.global.wallet.ios,112.211.77.203,3522,0
TErfsBe9CYCbq6ZqhkGiRv5CqU6Knc115e,2023-08-17 17:12:03"",TokenPocket/iOS appVersion/2.1.1 package/com.global.wallet.ios,112.211.77.203,1976,0
TTrF9iMfzjDLBjhNxkCBdU4EThrXLjyfqo,2023-08-17 04:14:46"",TPAppStore/1.9.0 (iPhone; iOS 15.3; Scale/3.00),117.20.115.108,3554,0
TTrF9iMfzjDLBjhNxkCBdU4EThrXLjyfqo,2023-08-15 20:56:43"",TPAppStore/1.9.0 (iPhone; iOS 15.3; Scale/3.00),117.20.116.210,8552,0
TTrF9iMfzjDLBjhNxkCBdU4EThrXLjyfqo,2023-08-12 14:48:30"",TPAppStore/1.9.0 (iPhone; iOS 15.3; Scale/3.00),27.109.113.129,8518,0
TTrF9iMfzjDLBjhNxkCBdU4EThrXLjyfqo,2023-08-12 14:48:19"",TPAppStore/1.9.0 (iPhone; iOS 15.3; Scale/3.00),27.109.113.129,63244,0
TTrF9iMfzjDLBjhNxkCBdU4EThrXLjyfqo,2023-08-12 14:47:22"",TPAppStore/1.9.0 (iPhone; iOS 15.3; Scale/3.00),27.109.113.129,64394,0
TTrF9iMfzjDLBjhNxkCBdU4EThrXLjyfqo,2023-08-12 14:47:09"",TPAppStore/1.9.0 (iPhone; iOS 15.3; Scale/3.00),27.109.113.129,34436,0
TTrF9iMfzjDLBjhNxkCBdU4EThrXLjyfqo,2023-08-11 17:29:07"",TPAppStore/1.9.0 (iPhone; iOS 15.3; Scale/3.00),27.109.113.129,36330,0
TTrF9iMfzjDLBjhNxkCBdU4EThrXLjyfqo,2023-08-11 17:29:05"",TPAppStore/1.9.0 (iPhone; iOS 15.3; Scale/3.00),27.109.113.129,63344,0
TTrF9iMfzjDLBjhNxkCBdU4EThrXLjyfqo,2023-08-11 17:28:27"",TPAppStore/1.9.0 (iPhone; iOS 15.3; Scale/3.00),27.109.113.129,32702,0
TTrF9iMfzjDLBjhNxkCBdU4EThrXLjyfqo,2023-08-11 17:28:20"",TPAppStore/1.9.0 (iPhone; iOS 15.3; Scale/3.00),27.109.113.129,27192,0
TTrF9iMfzjDLBjhNxkCBdU4EThrXLjyfqo,2023-08-11 17:26:59"",TPAppStore/1.9.0 (iPhone; iOS 15.3; Scale/3.00),27.109.113.129,24158,0
TTrF9iMfzjDLBjhNxkCBdU4EThrXLjyfqo,2023-08-11 17:26:35"",TPAppStore/1.9.0 (iPhone; iOS 15.3; Scale/3.00),27.109.113.129,51684,0
TTrF9iMfzjDLBjhNxkCBdU4EThrXLjyfqo,2023-08-11 17:25:48"",TPAppStore/1.9.0 (iPhone; iOS 15.3; Scale/3.00),27.109.113.129,20824,0
TTrF9iMfzjDLBjhNxkCBdU4EThrXLjyfqo,2023-08-11 17:25:13"",TPAppStore/1.9.0 (iPhone; iOS 15.3; Scale/3.00),27.109.113.129,22170,0
TTrF9iMfzjDLBjhNxkCBdU4EThrXLjyfqo,2023-08-11 16:29:42"",TPAppStore/1.9.0 (iPhone; iOS 15.3; Scale/3.00),202.93.14.41,9308,0
TTrF9iMfzjDLBjhNxkCBdU4EThrXLjyfqo,2023-08-11 16:25:11"",TPAppStore/1.9.0 (iPhone; iOS 15.3; Scale/3.00),202.93.14.41,54900,0
TTrF9iMfzjDLBjhNxkCBdU4EThrXLjyfqo,2023-08-11 16:24:15"",TPAppStore/1.9.0 (iPhone; iOS 15.3; Scale/3.00),202.93.14.41,61188,0
TTrF9iMfzjDLBjhNxkCBdU4EThrXLjyfqo,2023-08-11 16:23:17"",TPAppStore/1.9.0 (iPhone; iOS 15.3; Scale/3.00),202.93.14.41,29832,0
TTrF9iMfzjDLBjhNxkCBdU4EThrXLjyfqo,2023-08-11 16:21:21"",TPAppStore/1.9.0 (iPhone; iOS 15.3; Scale/3.00),202.93.14.41,46086,0
TTrF9iMfzjDLBjhNxkCBdU4EThrXLjyfqo,2023-08-11 16:19:51"",TPAppStore/1.9.0 (iPhone; iOS 15.3; Scale/3.00),202.93.14.41,44782,0
TTrF9iMfzjDLBjhNxkCBdU4EThrXLjyfqo,2023-08-11 16:18:20"",TPAppStore/1.9.0 (iPhone; iOS 15.3; Scale/3.00),202.93.14.41,22554,0
TTrF9iMfzjDLBjhNxkCBdU4EThrXLjyfqo,2023-08-11 03:38:43"",TPAppStore/1.9.0 (iPhone; iOS 15.3; Scale/3.00),27.109.113.129,34914,0
TTrF9iMfzjDLBjhNxkCBdU4EThrXLjyfqo,2023-08-11 03:38:41"",TPAppStore/1.9.0 (iPhone; iOS 15.3; Scale/3.00),27.109.113.129,36248,0
TTrF9iMfzjDLBjhNxkCBdU4EThrXLjyfqo,2023-08-11 01:11:19"",TPAppStore/1.9.0 (iPhone; iOS 15.3; Scale/3.00),111.90.181.200,9726,0
TTrF9iMfzjDLBjhNxkCBdU4EThrXLjyfqo,2023-08-11 01:11:17"",TPAppStore/1.9.0 (iPhone; iOS 15.3; Scale/3.00),111.90.181.200,14130,0
TTrF9iMfzjDLBjhNxkCBdU4EThrXLjyfqo,2023-08-11 01:11:16"",TPAppStore/1.9.0 (iPhone; iOS 15.3; Scale/3.00),111.90.181.200,7170,0
TTrF9iMfzjDLBjhNxkCBdU4EThrXLjyfqo,2023-08-10 22:09:14"",TPAppStore/1.9.0 (iPhone; iOS 15.3; Scale/3.00),117.20.115.60,6314,0
TTrF9iMfzjDLBjhNxkCBdU4EThrXLjyfqo,2023-08-10 22:09:14"",TPAppStore/1.9.0 (iPhone; iOS 15.3; Scale/3.00),117.20.115.60,11286,0
TTrF9iMfzjDLBjhNxkCBdU4EThrXLjyfqo,2023-08-10 14:19:30"",TPAppStore/1.9.0 (iPhone; iOS 15.3; Scale/3.00),113.29.250.59,55140,0
TTrF9iMfzjDLBjhNxkCBdU4EThrXLjyfqo,2023-08-10 14:19:00"",TPAppStore/1.9.0 (iPhone; iOS 15.3; Scale/3.00),113.29.250.59,53192,0
TTrF9iMfzjDLBjhNxkCBdU4EThrXLjyfqo,2023-08-08 23:14:54"",TPAppStore/1.9.0 (iPhone; iOS 15.3; Scale/3.00),117.20.113.31,60474,0
TTrF9iMfzjDLBjhNxkCBdU4EThrXLjyfqo,2023-08-07 02:30:01"",TPAppStore/1.9.0 (iPhone; iOS 15.3; Scale/3.00),117.20.117.40,61892,0
TTrF9iMfzjDLBjhNxkCBdU4EThrXLjyfqo,2023-08-07 02:29:57"",TPAppStore/1.9.0 (iPhone; iOS 15.3; Scale/3.00),117.20.117.40,23740,0
TTrF9iMfzjDLBjhNxkCBdU4EThrXLjyfqo,2023-08-07 00:39:28"",TPAppStore/1.9.0 (iPhone; iOS 15.3; Scale/3.00),117.20.117.40,16668,0
TTrF9iMfzjDLBjhNxkCBdU4EThrXLjyfqo,2023-08-07 00:39:27"",TPAppStore/1.9.0 (iPhone; iOS 15.3; Scale/3.00),117.20.117.40,22926,0
TTrF9iMfzjDLBjhNxkCBdU4EThrXLjyfqo,2023-08-07 00:38:30"",TPAppStore/1.9.0 (iPhone; iOS 15.3; Scale/3.00),117.20.117.40,16186,0
TTrF9iMfzjDLBjhNxkCBdU4EThrXLjyfqo,2023-08-07 00:38:18"",TPAppStore/1.9.0 (iPhone; iOS 15.3; Scale/3.00),117.20.117.40,60190,0
TTrF9iMfzjDLBjhNxkCBdU4EThrXLjyfqo,2023-08-07 00:37:04"",TPAppStore/1.9.0 (iPhone; iOS 15.3; Scale/3.00),117.20.117.40,20238,0
TTrF9iMfzjDLBjhNxkCBdU4EThrXLjyfqo,2023-08-04 19:34:54"",TPAppStore/1.9.0 (iPhone; iOS 15.3; Scale/3.00),111.90.181.200,20120,0
TTrF9iMfzjDLBjhNxkCBdU4EThrXLjyfqo,2023-08-04 17:52:17"",TPAppStore/1.9.0 (iPhone; iOS 15.3; Scale/3.00),111.90.181.200,28140,0
TTrF9iMfzjDLBjhNxkCBdU4EThrXLjyfqo,2023-08-04 17:52:08"",TPAppStore/1.9.0 (iPhone; iOS 15.3; Scale/3.00),111.90.181.200,1398,0
TTrF9iMfzjDLBjhNxkCBdU4EThrXLjyfqo,2023-08-04 17:51:48"",TPAppStore/1.9.0 (iPhone; iOS 15.3; Scale/3.00),111.90.181.200,62592,0
TTrF9iMfzjDLBjhNxkCBdU4EThrXLjyfqo,2023-08-04 17:49:58"",TPAppStore/1.9.0 (iPhone; iOS 15.3; Scale/3.00),111.90.181.200,51500,0
TTrF9iMfzjDLBjhNxkCBdU4EThrXLjyfqo,2023-08-04 17:49:52"",TPAppStore/1.9.0 (iPhone; iOS 15.3; Scale/3.00),111.90.181.200,51590,0
TTrF9iMfzjDLBjhNxkCBdU4EThrXLjyfqo,2023-08-04 17:48:39"",TPAppStore/1.9.0 (iPhone; iOS 15.3; Scale/3.00),111.90.181.200,54044,0
TTrF9iMfzjDLBjhNxkCBdU4EThrXLjyfqo,2023-08-02 01:13:45"",TPAppStore/1.9.0 (iPhone; iOS 15.3; Scale/3.00),113.29.250.59,32340,0
TTrF9iMfzjDLBjhNxkCBdU4EThrXLjyfqo,2023-08-02 01:13:44"",TPAppStore/1.9.0 (iPhone; iOS 15.3; Scale/3.00),113.29.250.59,60314,0
TTrF9iMfzjDLBjhNxkCBdU4EThrXLjyfqo,2023-08-02 01:06:48"",TPAppStore/1.9.0 (iPhone; iOS 15.3; Scale/3.00),113.29.250.59,15304,0
TTrF9iMfzjDLBjhNxkCBdU4EThrXLjyfqo,2023-08-02 01:06:12"",TPAppStore/1.9.0 (iPhone; iOS 15.3; Scale/3.00),113.29.250.59,20562,0
TTrF9iMfzjDLBjhNxkCBdU4EThrXLjyfqo,2023-08-02 01:05:50"",TPAppStore/1.9.0 (iPhone; iOS 15.3; Scale/3.00),113.29.250.59,14354,0
TTrF9iMfzjDLBjhNxkCBdU4EThrXLjyfqo,2023-07-29 20:58:08"",TPAppStore/1.9.0 (iPhone; iOS 15.3; Scale/3.00),113.29.250.59,34832,0
TTrF9iMfzjDLBjhNxkCBdU4EThrXLjyfqo,2023-07-27 16:37:05"",TPAppStore/1.9.0 (iPhone; iOS 15.3; Scale/3.00),113.29.250.59,15958,0
TTrF9iMfzjDLBjhNxkCBdU4EThrXLjyfqo,2023-07-23 23:32:28"",TPAppStore/1.9.0 (iPhone; iOS 15.3; Scale/3.00),113.29.250.62,12614,0
TTrF9iMfzjDLBjhNxkCBdU4EThrXLjyfqo,2023-07-20 13:46:05"",TPAppStore/1.9.0 (iPhone; iOS 15.3; Scale/3.00),27.109.114.40,15396,0
TTrF9iMfzjDLBjhNxkCBdU4EThrXLjyfqo,2023-07-20 02:27:38"",TPAppStore/1.9.0 (iPhone; iOS 15.3; Scale/3.00),27.109.114.40,38382,0
TTrF9iMfzjDLBjhNxkCBdU4EThrXLjyfqo,2023-07-20 02:26:55"",TPAppStore/1.9.0 (iPhone; iOS 15.3; Scale/3.00),27.109.114.40,45296,0
TTrF9iMfzjDLBjhNxkCBdU4EThrXLjyfqo,2023-07-20 02:26:53"",TPAppStore/1.9.0 (iPhone; iOS 15.3; Scale/3.00),27.109.114.40,45258,0
TTrF9iMfzjDLBjhNxkCBdU4EThrXLjyfqo,2023-07-19 20:49:46"",TPAppStore/1.9.0 (iPhone; iOS 15.3; Scale/3.00),117.20.116.169,34020,0
TTrF9iMfzjDLBjhNxkCBdU4EThrXLjyfqo,2023-07-14 21:43:25"",TPAppStore/1.9.0 (iPhone; iOS 15.3; Scale/3.00),111.90.181.200,63490,0
TTrF9iMfzjDLBjhNxkCBdU4EThrXLjyfqo,2023-07-06 22:33:21"",TPAppStore/1.9.0 (iPhone; iOS 15.3; Scale/3.00),117.20.112.33,16952,0
TTrF9iMfzjDLBjhNxkCBdU4EThrXLjyfqo,2023-07-06 22:28:49"",TPAppStore/1.9.0 (iPhone; iOS 15.3; Scale/3.00),117.20.112.33,22582,0
TTrF9iMfzjDLBjhNxkCBdU4EThrXLjyfqo,2023-07-06 22:28:48"",TPAppStore/1.9.0 (iPhone; iOS 15.3; Scale/3.00),117.20.112.33,27966,0
TTrF9iMfzjDLBjhNxkCBdU4EThrXLjyfqo,2023-07-06 22:22:23"",TPAppStore/1.9.0 (iPhone; iOS 15.3; Scale/3.00),117.20.112.33,13954,0
TTrF9iMfzjDLBjhNxkCBdU4EThrXLjyfqo,2023-07-06 03:14:56"",TPAppStore/1.9.0 (iPhone; iOS 15.3; Scale/3.00),117.20.112.33,24448,0
TTrF9iMfzjDLBjhNxkCBdU4EThrXLjyfqo,2023-07-04 06:29:50"",TPAppStore/1.9.0 (iPhone; iOS 15.3; Scale/3.00),202.93.14.48,15164,0
TTrF9iMfzjDLBjhNxkCBdU4EThrXLjyfqo,2023-07-04 06:29:46"",TPAppStore/1.9.0 (iPhone; iOS 15.3; Scale/3.00),202.93.14.48,15304,0
TTrF9iMfzjDLBjhNxkCBdU4EThrXLjyfqo,2023-07-04 02:10:22"",TPAppStore/1.9.0 (iPhone; iOS 15.3; Scale/3.00),202.93.14.48,55076,0
TTrF9iMfzjDLBjhNxkCBdU4EThrXLjyfqo,2023-07-03 03:53:58"",TPAppStore/1.9.0 (iPhone; iOS 15.3; Scale/3.00),202.93.14.48,57150,0
TTrF9iMfzjDLBjhNxkCBdU4EThrXLjyfqo,2023-07-02 02:23:14"",TPAppStore/1.9.0 (iPhone; iOS 15.3; Scale/3.00),202.93.14.48,15802,0
TTrF9iMfzjDLBjhNxkCBdU4EThrXLjyfqo,2023-06-30 23:11:25"",TPAppStore/1.9.0 (iPhone; iOS 15.3; Scale/3.00),27.109.113.109,27644,0
TTrF9iMfzjDLBjhNxkCBdU4EThrXLjyfqo,2023-06-30 23:11:23"",TPAppStore/1.9.0 (iPhone; iOS 15.3; Scale/3.00),27.109.113.109,54314,0
TTrF9iMfzjDLBjhNxkCBdU4EThrXLjyfqo,2023-06-30 21:58:18"",TPAppStore/1.9.0 (iPhone; iOS 15.3; Scale/3.00),27.109.113.109,13810,0
TTrF9iMfzjDLBjhNxkCBdU4EThrXLjyfqo,2023-06-30 21:58:19"",TPAppStore/1.9.0 (iPhone; iOS 15.3; Scale/3.00),27.109.113.109,51660,0
TTrF9iMfzjDLBjhNxkCBdU4EThrXLjyfqo,2023-06-30 21:57:36"",TPAppStore/1.9.0 (iPhone; iOS 15.3; Scale/3.00),27.109.113.109,50012,0
TTrF9iMfzjDLBjhNxkCBdU4EThrXLjyfqo,2023-06-30 21:45:47"",TPAppStore/1.9.0 (iPhone; iOS 15.3; Scale/3.00),27.109.113.109,15484,0
TTrF9iMfzjDLBjhNxkCBdU4EThrXLjyfqo,2023-06-30 21:45:34"",TPAppStore/1.9.0 (iPhone; iOS 15.3; Scale/3.00),27.109.113.109,13082,0
TTrF9iMfzjDLBjhNxkCBdU4EThrXLjyfqo,2023-06-30 21:45:31"",TPAppStore/1.9.0 (iPhone; iOS 15.3; Scale/3.00),27.109.113.109,13318,0
TTrF9iMfzjDLBjhNxkCBdU4EThrXLjyfqo,2023-06-30 21:45:28"",TPAppStore/1.9.0 (iPhone; iOS 15.3; Scale/3.00),27.109.113.109,13316,0
TTrF9iMfzjDLBjhNxkCBdU4EThrXLjyfqo,2023-06-30 21:45:27"",TPAppStore/1.9.0 (iPhone; iOS 15.3; Scale/3.00),27.109.113.109,13204,0
TTrF9iMfzjDLBjhNxkCBdU4EThrXLjyfqo,2023-06-30 21:36:08"",TPAppStore/1.9.0 (iPhone; iOS 15.3; Scale/3.00),27.109.113.109,63282,0
TTrF9iMfzjDLBjhNxkCBdU4EThrXLjyfqo,2023-06-30 21:35:59"",TPAppStore/1.9.0 (iPhone; iOS 15.3; Scale/3.00),27.109.113.109,54862,0
TTrF9iMfzjDLBjhNxkCBdU4EThrXLjyfqo,2023-06-30 21:35:31"",TPAppStore/1.9.0 (iPhone; iOS 15.3; Scale/3.00),27.109.113.109,62720,0
TTrF9iMfzjDLBjhNxkCBdU4EThrXLjyfqo,2023-06-30 21:25:52"",TPAppStore/1.9.0 (iPhone; iOS 15.3; Scale/3.00),27.109.113.109,19682,0
TTrF9iMfzjDLBjhNxkCBdU4EThrXLjyfqo,2023-06-30 21:25:48"",TPAppStore/1.9.0 (iPhone; iOS 15.3; Scale/3.00),27.109.113.109,2750,0
TTrF9iMfzjDLBjhNxkCBdU4EThrXLjyfqo,2023-06-30 21:25:17"",TPAppStore/1.9.0 (iPhone; iOS 15.3; Scale/3.00),27.109.113.109,13128,0
TTrF9iMfzjDLBjhNxkCBdU4EThrXLjyfqo,2023-06-30 21:24:30"",TPAppStore/1.9.0 (iPhone; iOS 15.3; Scale/3.00),111.90.181.200,2148,0
TTrF9iMfzjDLBjhNxkCBdU4EThrXLjyfqo,2023-06-30 21:24:26"",TPAppStore/1.9.0 (iPhone; iOS 15.3; Scale/3.00),111.90.181.200,2148,0
TTrF9iMfzjDLBjhNxkCBdU4EThrXLjyfqo,2023-06-30 21:24:24"",TPAppStore/1.9.0 (iPhone; iOS 15.3; Scale/3.00),111.90.181.200,1154,0
TTrF9iMfzjDLBjhNxkCBdU4EThrXLjyfqo,2023-06-30 21:24:17"",TPAppStore/1.9.0 (iPhone; iOS 15.3; Scale/3.00),111.90.181.200,24542,0
TTrF9iMfzjDLBjhNxkCBdU4EThrXLjyfqo,2023-06-30 21:23:22"",TPAppStore/1.9.0 (iPhone; iOS 15.3; Scale/3.00),111.90.181.200,59920,0
TTrF9iMfzjDLBjhNxkCBdU4EThrXLjyfqo,2023-06-30 21:23:21"",TPAppStore/1.9.0 (iPhone; iOS 15.3; Scale/3.00),111.90.181.200,59744,0
TTrF9iMfzjDLBjhNxkCBdU4EThrXLjyfqo,2023-06-30 21:22:31"",TPAppStore/1.9.0 (iPhone; iOS 15.3; Scale/3.00),111.90.181.200,15842,0
TTrF9iMfzjDLBjhNxkCBdU4EThrXLjyfqo,2023-06-30 21:22:29"",TPAppStore/1.9.0 (iPhone; iOS 15.3; Scale/3.00),111.90.181.200,55378,0
TTrF9iMfzjDLBjhNxkCBdU4EThrXLjyfqo,2023-06-30 21:20:58"",TPAppStore/1.9.0 (iPhone; iOS 15.3; Scale/3.00),27.109.113.109,2360,0
TTrF9iMfzjDLBjhNxkCBdU4EThrXLjyfqo,2023-06-30 21:20:58"",TPAppStore/1.9.0 (iPhone; iOS 15.3; Scale/3.00),27.109.113.109,43208,0
TTrF9iMfzjDLBjhNxkCBdU4EThrXLjyfqo,2023-06-30 17:19:35"",TPAppStore/1.9.0 (iPhone; iOS 15.3; Scale/3.00),27.109.113.109,58918,0
TTrF9iMfzjDLBjhNxkCBdU4EThrXLjyfqo,2023-06-29 16:39:58"",TPAppStore/1.9.0 (iPhone; iOS 15.3; Scale/3.00),202.93.14.48,7536,0
TTrF9iMfzjDLBjhNxkCBdU4EThrXLjyfqo,2023-06-29 16:39:55"",TPAppStore/1.9.0 (iPhone; iOS 15.3; Scale/3.00),202.93.14.48,27168,0
TTrF9iMfzjDLBjhNxkCBdU4EThrXLjyfqo,2023-06-28 01:03:00"",TPAppStore/1.9.0 (iPhone; iOS 15.3; Scale/3.00),27.109.113.109,2842,0
TTrF9iMfzjDLBjhNxkCBdU4EThrXLjyfqo,2023-06-27 01:52:21"",TPAppStore/1.9.0 (iPhone; iOS 15.3; Scale/3.00),27.109.113.109,43844,0
TVx5AkAU2sCgBZcTtzD98Bq4QvG6RKRgbH,2023-08-22 15:13:34"",Global Wallet/2.0.5 (com.global.wallet.ios; build:1; iOS 16.2.0) Alamofire/5.6.2,111.90.181.200,64672,0
TVx5AkAU2sCgBZcTtzD98Bq4QvG6RKRgbH,2023-08-22 15:08:48"",Global Wallet/2.0.5 (com.global.wallet.ios; build:1; iOS 16.2.0) Alamofire/5.6.2,117.20.116.131,44848,0
TVx5AkAU2sCgBZcTtzD98Bq4QvG6RKRgbH,2023-08-22 14:24:07"",TPAppStore/1.9.0 (iPhone; iOS 15.3; Scale/3.00),27.109.114.239,46176,0
TVx5AkAU2sCgBZcTtzD98Bq4QvG6RKRgbH,2023-08-22 14:24:08"",TPAppStore/1.9.0 (iPhone; iOS 15.3; Scale/3.00),27.109.114.239,21842,0
TVx5AkAU2sCgBZcTtzD98Bq4QvG6RKRgbH,2023-08-22 14:20:51"",Global Wallet/2.0.5 (com.global.wallet.ios; build:1; iOS 16.2.0) Alamofire/5.6.2,111.90.181.200,38130,0
TVx5AkAU2sCgBZcTtzD98Bq4QvG6RKRgbH,2023-08-22 01:06:11"",Global Wallet/2.0.5 (com.global.wallet.ios; build:1; iOS 16.2.0) Alamofire/5.6.2,111.90.181.200,40102,0
TVx5AkAU2sCgBZcTtzD98Bq4QvG6RKRgbH,2023-08-21 20:39:28"",Global Wallet/2.0.5 (com.global.wallet.ios; build:1; iOS 16.2.0) Alamofire/5.6.2,111.90.181.200,51502,0
TVx5AkAU2sCgBZcTtzD98Bq4QvG6RKRgbH,2023-08-21 18:12:21"",Global Wallet/2.0.5 (com.global.wallet.ios; build:1; iOS 16.2.0) Alamofire/5.6.2,111.90.181.200,40580,0
TVx5AkAU2sCgBZcTtzD98Bq4QvG6RKRgbH,2023-08-21 17:36:09"",Global Wallet/2.0.5 (com.global.wallet.ios; build:1; iOS 16.2.0) Alamofire/5.6.2,111.90.181.200,22160,0
TVx5AkAU2sCgBZcTtzD98Bq4QvG6RKRgbH,2023-08-21 17:16:33"",Global Wallet/2.0.5 (com.global.wallet.ios; build:1; iOS 16.2.0) Alamofire/5.6.2,111.90.181.200,17504,0
TVx5AkAU2sCgBZcTtzD98Bq4QvG6RKRgbH,2023-08-21 16:17:51"",Global Wallet/2.0.5 (com.global.wallet.ios; build:1; iOS 16.2.0) Alamofire/5.6.2,111.90.181.200,14176,0
TVx5AkAU2sCgBZcTtzD98Bq4QvG6RKRgbH,2023-08-21 14:52:45"",Global Wallet/2.0.5 (com.global.wallet.ios; build:1; iOS 16.2.0) Alamofire/5.6.2,111.90.181.200,3820,0
TVx5AkAU2sCgBZcTtzD98Bq4QvG6RKRgbH,2023-08-21 14:15:30"",Global Wallet/2.0.5 (com.global.wallet.ios; build:1; iOS 16.2.0) Alamofire/5.6.2,111.90.181.200,38828,0
TVx5AkAU2sCgBZcTtzD98Bq4QvG6RKRgbH,2023-08-21 14:14:35"",Global Wallet/2.0.5 (com.global.wallet.ios; build:1; iOS 16.2.0) Alamofire/5.6.2,111.90.181.200,62612,0
TVx5AkAU2sCgBZcTtzD98Bq4QvG6RKRgbH,2023-08-21 12:12:57"",TPAppStore/1.9.0 (iPhone; iOS 15.3; Scale/3.00),113.29.250.61,10804,0
TVx5AkAU2sCgBZcTtzD98Bq4QvG6RKRgbH,2023-08-21 12:12:56"",TPAppStore/1.9.0 (iPhone; iOS 15.3; Scale/3.00),113.29.250.61,55822,0
TVx5AkAU2sCgBZcTtzD98Bq4QvG6RKRgbH,2023-08-21 02:09:43"",TPAppStore/1.9.0 (iPhone; iOS 15.3; Scale/3.00),113.29.250.61,23752,0
TVx5AkAU2sCgBZcTtzD98Bq4QvG6RKRgbH,2023-08-21 02:09:40"",TPAppStore/1.9.0 (iPhone; iOS 15.3; Scale/3.00),113.29.250.61,25612,0
TVx5AkAU2sCgBZcTtzD98Bq4QvG6RKRgbH,2023-08-21 01:46:12"",Global Wallet/2.0.5 (com.global.wallet.ios; build:1; iOS 16.2.0) Alamofire/5.6.2,111.90.181.200,53028,0
TVx5AkAU2sCgBZcTtzD98Bq4QvG6RKRgbH,2023-08-20 23:47:07"",Global Wallet/2.0.5 (com.global.wallet.ios; build:1; iOS 16.2.0) Alamofire/5.6.2,111.90.181.200,19588,0
TVx5AkAU2sCgBZcTtzD98Bq4QvG6RKRgbH,2023-08-20 20:22:44"",Global Wallet/2.0.5 (com.global.wallet.ios; build:1; iOS 16.2.0) Alamofire/5.6.2,111.90.181.200,29370,0
TVx5AkAU2sCgBZcTtzD98Bq4QvG6RKRgbH,2023-08-20 18:27:19"",Global Wallet/2.0.5 (com.global.wallet.ios; build:1; iOS 16.2.0) Alamofire/5.6.2,111.90.181.200,19872,0
TVx5AkAU2sCgBZcTtzD98Bq4QvG6RKRgbH,2023-08-20 16:44:48"",Global Wallet/2.0.5 (com.global.wallet.ios; build:1; iOS 16.2.0) Alamofire/5.6.2,111.90.181.200,14382,0
TVx5AkAU2sCgBZcTtzD98Bq4QvG6RKRgbH,2023-08-20 16:43:42"",Global Wallet/2.0.5 (com.global.wallet.ios; build:1; iOS 16.2.0) Alamofire/5.6.2,111.90.181.200,14390,0
TVx5AkAU2sCgBZcTtzD98Bq4QvG6RKRgbH,2023-08-20 14:41:55"",Global Wallet/2.0.5 (com.global.wallet.ios; build:1; iOS 16.2.0) Alamofire/5.6.2,111.90.181.200,37212,0
TVx5AkAU2sCgBZcTtzD98Bq4QvG6RKRgbH,2023-08-20 14:33:03"",Global Wallet/2.0.5 (com.global.wallet.ios; build:1; iOS 16.2.0) Alamofire/5.6.2,111.90.181.200,19184,0
TVx5AkAU2sCgBZcTtzD98Bq4QvG6RKRgbH,2023-08-20 14:24:59"",Global Wallet/2.0.5 (com.global.wallet.ios; build:1; iOS 16.2.0) Alamofire/5.6.2,111.90.181.200,64304,0
TVx5AkAU2sCgBZcTtzD98Bq4QvG6RKRgbH,2023-08-20 11:14:25"",TPAppStore/1.9.0 (iPhone; iOS 15.3; Scale/3.00),113.29.250.61,58398,0
TVx5AkAU2sCgBZcTtzD98Bq4QvG6RKRgbH,2023-08-20 11:14:23"",TPAppStore/1.9.0 (iPhone; iOS 15.3; Scale/3.00),113.29.250.61,16854,0
TVx5AkAU2sCgBZcTtzD98Bq4QvG6RKRgbH,2023-08-19 21:10:29"",TPAppStore/1.9.0 (iPhone; iOS 15.3; Scale/3.00),111.90.181.200,60924,0
TVx5AkAU2sCgBZcTtzD98Bq4QvG6RKRgbH,2023-08-19 21:10:27"",TPAppStore/1.9.0 (iPhone; iOS 15.3; Scale/3.00),111.90.181.200,60924,0
TVx5AkAU2sCgBZcTtzD98Bq4QvG6RKRgbH,2023-08-19 21:10:26"",TPAppStore/1.9.0 (iPhone; iOS 15.3; Scale/3.00),111.90.181.200,60138,0
TVx5AkAU2sCgBZcTtzD98Bq4QvG6RKRgbH,2023-08-19 19:01:01"",Global Wallet/2.0.5 (com.global.wallet.ios; build:1; iOS 16.2.0) Alamofire/5.6.2,111.90.181.200,28946,0
TVx5AkAU2sCgBZcTtzD98Bq4QvG6RKRgbH,2023-08-19 18:43:10"",Global Wallet/2.0.5 (com.global.wallet.ios; build:1; iOS 16.2.0) Alamofire/5.6.2,111.90.181.200,56974,0
TVx5AkAU2sCgBZcTtzD98Bq4QvG6RKRgbH,2023-08-19 18:07:48"",Global Wallet/2.0.5 (com.global.wallet.ios; build:1; iOS 16.2.0) Alamofire/5.6.2,117.20.115.27,6450,0
TVx5AkAU2sCgBZcTtzD98Bq4QvG6RKRgbH,2023-08-19 16:23:14"",TPAppStore/1.9.0 (iPhone; iOS 15.3; Scale/3.00),111.90.181.200,53856,0
TVx5AkAU2sCgBZcTtzD98Bq4QvG6RKRgbH,2023-08-19 16:23:10"",TPAppStore/1.9.0 (iPhone; iOS 15.3; Scale/3.00),111.90.181.200,54366,0
TVx5AkAU2sCgBZcTtzD98Bq4QvG6RKRgbH,2023-08-19 16:23:09"",TPAppStore/1.9.0 (iPhone; iOS 15.3; Scale/3.00),111.90.181.200,51118,0
TVx5AkAU2sCgBZcTtzD98Bq4QvG6RKRgbH,2023-08-19 16:11:11"",Global Wallet/2.0.5 (com.global.wallet.ios; build:1; iOS 16.2.0) Alamofire/5.6.2,111.90.181.200,17036,0
TVx5AkAU2sCgBZcTtzD98Bq4QvG6RKRgbH,2023-08-19 16:09:09"",Global Wallet/2.0.5 (com.global.wallet.ios; build:1; iOS 16.2.0) Alamofire/5.6.2,111.90.181.200,44410,0
TVx5AkAU2sCgBZcTtzD98Bq4QvG6RKRgbH,2023-08-19 16:04:38"",Global Wallet/2.0.5 (com.global.wallet.ios; build:1; iOS 16.2.0) Alamofire/5.6.2,111.90.181.200,35678,0
TVx5AkAU2sCgBZcTtzD98Bq4QvG6RKRgbH,2023-08-19 15:08:52"",Global Wallet/2.0.5 (com.global.wallet.ios; build:1; iOS 16.2.0) Alamofire/5.6.2,111.90.181.200,32960,0
TVx5AkAU2sCgBZcTtzD98Bq4QvG6RKRgbH,2023-08-19 13:30:18"",Global Wallet/2.0.5 (com.global.wallet.ios; build:1; iOS 16.2.0) Alamofire/5.6.2,117.20.115.27,53224,0
TVx5AkAU2sCgBZcTtzD98Bq4QvG6RKRgbH,2023-08-19 13:26:18"",TPAppStore/1.9.0 (iPhone; iOS 15.3; Scale/3.00),113.29.250.61,41686,0
TVx5AkAU2sCgBZcTtzD98Bq4QvG6RKRgbH,2023-08-19 13:26:16"",TPAppStore/1.9.0 (iPhone; iOS 15.3; Scale/3.00),113.29.250.61,38840,0
TVx5AkAU2sCgBZcTtzD98Bq4QvG6RKRgbH,2023-08-19 03:19:03"",TPAppStore/1.9.0 (iPhone; iOS 15.3; Scale/3.00),113.29.250.61,58202,0
TVx5AkAU2sCgBZcTtzD98Bq4QvG6RKRgbH,2023-08-19 03:19:04"",TPAppStore/1.9.0 (iPhone; iOS 15.3; Scale/3.00),113.29.250.61,13690,0
TVx5AkAU2sCgBZcTtzD98Bq4QvG6RKRgbH,2023-08-19 01:49:01"",Global Wallet/2.0.5 (com.global.wallet.ios; build:1; iOS 16.2.0) Alamofire/5.6.2,117.20.115.27,33930,0
TVx5AkAU2sCgBZcTtzD98Bq4QvG6RKRgbH,2023-08-19 01:47:48"",Global Wallet/2.0.5 (com.global.wallet.ios; build:1; iOS 16.2.0) Alamofire/5.6.2,117.20.115.27,31058,0
TVx5AkAU2sCgBZcTtzD98Bq4QvG6RKRgbH,2023-08-18 23:40:18"",TPAppStore/1.9.0 (iPhone; iOS 15.3; Scale/3.00),111.90.181.200,19708,0
TVx5AkAU2sCgBZcTtzD98Bq4QvG6RKRgbH,2023-08-18 21:12:58"",TPAppStore/1.9.0 (iPhone; iOS 15.3; Scale/3.00),111.90.181.200,15466,0
TVx5AkAU2sCgBZcTtzD98Bq4QvG6RKRgbH,2023-08-18 21:10:51"",Global Wallet/2.0.5 (com.global.wallet.ios; build:1; iOS 16.2.0) Alamofire/5.6.2,111.90.181.200,19334,0
TVx5AkAU2sCgBZcTtzD98Bq4QvG6RKRgbH,2023-08-18 18:01:45"",Global Wallet/2.0.5 (com.global.wallet.ios; build:1; iOS 16.2.0) Alamofire/5.6.2,111.90.181.200,43210,0
TVx5AkAU2sCgBZcTtzD98Bq4QvG6RKRgbH,2023-08-18 17:25:17"",Global Wallet/2.0.5 (com.global.wallet.ios; build:1; iOS 16.2.0) Alamofire/5.6.2,111.90.181.200,2184,0
TVx5AkAU2sCgBZcTtzD98Bq4QvG6RKRgbH,2023-08-18 15:39:30"",Global Wallet/2.0.5 (com.global.wallet.ios; build:1; iOS 16.2.0) Alamofire/5.6.2,111.90.181.200,19392,0
TVx5AkAU2sCgBZcTtzD98Bq4QvG6RKRgbH,2023-08-18 15:38:41"",Global Wallet/2.0.5 (com.global.wallet.ios; build:1; iOS 16.2.0) Alamofire/5.6.2,111.90.181.200,11248,0
TVx5AkAU2sCgBZcTtzD98Bq4QvG6RKRgbH,2023-08-18 15:28:25"",TPAppStore/1.9.0 (iPhone; iOS 15.3; Scale/3.00),111.90.181.200,51112,0
TVx5AkAU2sCgBZcTtzD98Bq4QvG6RKRgbH,2023-08-18 15:28:11"",TPAppStore/1.9.0 (iPhone; iOS 15.3; Scale/3.00),111.90.181.200,51130,0
TVx5AkAU2sCgBZcTtzD98Bq4QvG6RKRgbH,2023-08-18 15:26:34"",Global Wallet/2.0.5 (com.global.wallet.ios; build:1; iOS 16.2.0) Alamofire/5.6.2,111.90.181.200,47918,0
TVx5AkAU2sCgBZcTtzD98Bq4QvG6RKRgbH,2023-08-18 14:05:03"",Global Wallet/2.0.5 (com.global.wallet.ios; build:1; iOS 16.2.0) Alamofire/5.6.2,117.20.115.27,51756,0
TVx5AkAU2sCgBZcTtzD98Bq4QvG6RKRgbH,2023-08-18 03:37:25"",TPAppStore/1.9.0 (iPhone; iOS 15.3; Scale/3.00),113.29.250.61,31502,0
TVx5AkAU2sCgBZcTtzD98Bq4QvG6RKRgbH,2023-08-18 03:37:25"",TPAppStore/1.9.0 (iPhone; iOS 15.3; Scale/3.00),113.29.250.61,23026,0
TVx5AkAU2sCgBZcTtzD98Bq4QvG6RKRgbH,2023-08-17 21:13:53"",Global Wallet/2.0.5 (com.global.wallet.ios; build:1; iOS 16.2.0) Alamofire/5.6.2,117.20.115.27,40000,0
TVx5AkAU2sCgBZcTtzD98Bq4QvG6RKRgbH,2023-08-17 18:32:25"",Global Wallet/2.0.5 (com.global.wallet.ios; build:1; iOS 16.2.0) Alamofire/5.6.2,117.20.115.27,19572,0
TVx5AkAU2sCgBZcTtzD98Bq4QvG6RKRgbH,2023-08-17 17:57:23"",Global Wallet/2.0.5 (com.global.wallet.ios; build:1; iOS 16.2.0) Alamofire/5.6.2,117.20.115.27,61756,0
TVx5AkAU2sCgBZcTtzD98Bq4QvG6RKRgbH,2023-08-17 17:37:22"",Global Wallet/2.0.5 (com.global.wallet.ios; build:1; iOS 16.2.0) Alamofire/5.6.2,117.20.115.27,61544,0
TVx5AkAU2sCgBZcTtzD98Bq4QvG6RKRgbH,2023-08-17 16:55:02"",TPAppStore/1.9.0 (iPhone; iOS 15.3; Scale/3.00),111.90.181.200,61292,0
TVx5AkAU2sCgBZcTtzD98Bq4QvG6RKRgbH,2023-08-17 16:49:54"",Global Wallet/2.0.5 (com.global.wallet.ios; build:1; iOS 16.2.0) Alamofire/5.6.2,117.20.115.27,14170,0
TVx5AkAU2sCgBZcTtzD98Bq4QvG6RKRgbH,2023-08-17 16:47:39"",TPAppStore/1.9.0 (iPhone; iOS 15.3; Scale/3.00),111.90.181.200,12934,0
TVx5AkAU2sCgBZcTtzD98Bq4QvG6RKRgbH,2023-08-17 16:45:19"",Global Wallet/2.0.5 (com.global.wallet.ios; build:1; iOS 16.2.0) Alamofire/5.6.2,117.20.115.27,42174,0
TVx5AkAU2sCgBZcTtzD98Bq4QvG6RKRgbH,2023-08-17 16:13:05"",Global Wallet/2.0.5 (com.global.wallet.ios; build:1; iOS 16.2.0) Alamofire/5.6.2,117.20.115.27,18434,0
TVx5AkAU2sCgBZcTtzD98Bq4QvG6RKRgbH,2023-08-17 16:08:06"",TPAppStore/1.9.0 (iPhone; iOS 15.3; Scale/3.00),111.90.181.200,1256,0
TVx5AkAU2sCgBZcTtzD98Bq4QvG6RKRgbH,2023-08-17 15:42:54"",TPAppStore/1.9.0 (iPhone; iOS 15.3; Scale/3.00),111.90.181.200,5046,0
TVx5AkAU2sCgBZcTtzD98Bq4QvG6RKRgbH,2023-08-17 15:38:34"",Global Wallet/2.0.5 (com.global.wallet.ios; build:1; iOS 16.2.0) Alamofire/5.6.2,117.20.115.27,50714,0
TVx5AkAU2sCgBZcTtzD98Bq4QvG6RKRgbH,2023-08-17 15:14:00"",Global Wallet/2.0.5 (com.global.wallet.ios; build:1; iOS 16.2.0) Alamofire/5.6.2,117.20.115.27,15328,0
TVx5AkAU2sCgBZcTtzD98Bq4QvG6RKRgbH,2023-08-17 15:13:09"",Global Wallet/2.0.5 (com.global.wallet.ios; build:1; iOS 16.2.0) Alamofire/5.6.2,117.20.115.27,13818,0
TVx5AkAU2sCgBZcTtzD98Bq4QvG6RKRgbH,2023-08-17 14:19:47"",Global Wallet/2.0.5 (com.global.wallet.ios; build:1; iOS 16.2.0) Alamofire/5.6.2,111.90.181.200,4838,0
TVx5AkAU2sCgBZcTtzD98Bq4QvG6RKRgbH,2023-08-17 04:14:49"",TPAppStore/1.9.0 (iPhone; iOS 15.3; Scale/3.00),117.20.115.108,29872,0
TVx5AkAU2sCgBZcTtzD98Bq4QvG6RKRgbH,2023-08-17 04:14:39"",TPAppStore/1.9.0 (iPhone; iOS 15.3; Scale/3.00),117.20.115.108,3986,0
TVx5AkAU2sCgBZcTtzD98Bq4QvG6RKRgbH,2023-08-17 04:14:38"",TPAppStore/1.9.0 (iPhone; iOS 15.3; Scale/3.00),117.20.115.108,21656,0
TVx5AkAU2sCgBZcTtzD98Bq4QvG6RKRgbH,2023-08-17 04:13:16"",TPAppStore/1.9.0 (iPhone; iOS 15.3; Scale/3.00),117.20.115.108,27940,0
TVx5AkAU2sCgBZcTtzD98Bq4QvG6RKRgbH,2023-08-17 04:13:15"",TPAppStore/1.9.0 (iPhone; iOS 15.3; Scale/3.00),117.20.115.108,27940,0
TVx5AkAU2sCgBZcTtzD98Bq4QvG6RKRgbH,2023-08-16 22:36:00"",Global Wallet/2.0.5 (com.global.wallet.ios; build:1; iOS 16.2.0) Alamofire/5.6.2,117.20.112.81,15148,0
TVx5AkAU2sCgBZcTtzD98Bq4QvG6RKRgbH,2023-08-16 22:12:34"",Global Wallet/2.0.5 (com.global.wallet.ios; build:1; iOS 16.2.0) Alamofire/5.6.2,117.20.112.81,63018,0
TVx5AkAU2sCgBZcTtzD98Bq4QvG6RKRgbH,2023-08-16 22:11:04"",Global Wallet/2.0.5 (com.global.wallet.ios; build:1; iOS 16.2.0) Alamofire/5.6.2,117.20.112.81,59736,0
TVx5AkAU2sCgBZcTtzD98Bq4QvG6RKRgbH,2023-08-16 21:54:48"",Global Wallet/2.0.5 (com.global.wallet.ios; build:1; iOS 16.2.0) Alamofire/5.6.2,117.20.112.81,21326,0
TVx5AkAU2sCgBZcTtzD98Bq4QvG6RKRgbH,2023-08-16 20:54:12"",Global Wallet/2.0.5 (com.global.wallet.ios; build:1; iOS 16.2.0) Alamofire/5.6.2,117.20.112.81,13242,0
TVx5AkAU2sCgBZcTtzD98Bq4QvG6RKRgbH,2023-08-16 20:44:15"",Global Wallet/2.0.5 (com.global.wallet.ios; build:1; iOS 16.2.0) Alamofire/5.6.2,117.20.112.81,51956,0
TVx5AkAU2sCgBZcTtzD98Bq4QvG6RKRgbH,2023-08-16 20:43:31"",Global Wallet/2.0.5 (com.global.wallet.ios; build:1; iOS 16.2.0) Alamofire/5.6.2,117.20.112.81,52954,0
TVx5AkAU2sCgBZcTtzD98Bq4QvG6RKRgbH,2023-08-16 19:46:58"",Global Wallet/2.0.5 (com.global.wallet.ios; build:1; iOS 16.2.0) Alamofire/5.6.2,117.20.112.81,25366,0
TVx5AkAU2sCgBZcTtzD98Bq4QvG6RKRgbH,2023-08-16 18:55:18"",Global Wallet/2.0.5 (com.global.wallet.ios; build:1; iOS 16.2.0) Alamofire/5.6.2,111.90.181.200,42252,0
TVx5AkAU2sCgBZcTtzD98Bq4QvG6RKRgbH,2023-08-16 18:12:41"",Global Wallet/2.0.5 (com.global.wallet.ios; build:1; iOS 16.2.0) Alamofire/5.6.2,111.90.181.200,56244,0
TVx5AkAU2sCgBZcTtzD98Bq4QvG6RKRgbH,2023-08-16 17:52:10"",Global Wallet/2.0.5 (com.global.wallet.ios; build:1; iOS 16.2.0) Alamofire/5.6.2,111.90.181.200,38914,0
TVx5AkAU2sCgBZcTtzD98Bq4QvG6RKRgbH,2023-08-16 16:06:06"",Global Wallet/2.0.5 (com.global.wallet.ios; build:1; iOS 16.2.0) Alamofire/5.6.2,111.90.181.200,34058,0
TVx5AkAU2sCgBZcTtzD98Bq4QvG6RKRgbH,2023-08-16 14:49:55"",Global Wallet/2.0.5 (com.global.wallet.ios; build:1; iOS 16.2.0) Alamofire/5.6.2,111.90.181.200,47908,0
TVx5AkAU2sCgBZcTtzD98Bq4QvG6RKRgbH,2023-08-16 05:46:05"",Global Wallet/2.0.5 (com.global.wallet.ios; build:1; iOS 16.2.0) Alamofire/5.6.2,117.20.112.81,11092,0
TVx5AkAU2sCgBZcTtzD98Bq4QvG6RKRgbH,2023-08-16 01:36:28"",Global Wallet/2.0.5 (com.global.wallet.ios; build:1; iOS 16.2.0) Alamofire/5.6.2,111.90.181.200,27812,0
TVx5AkAU2sCgBZcTtzD98Bq4QvG6RKRgbH,2023-08-16 01:26:32"",TPAppStore/1.9.0 (iPhone; iOS 15.3; Scale/3.00),117.20.116.210,19032,0
TVx5AkAU2sCgBZcTtzD98Bq4QvG6RKRgbH,2023-08-16 01:02:16"",Global Wallet/2.0.5 (com.global.wallet.ios; build:1; iOS 16.2.0) Alamofire/5.6.2,111.90.181.200,59604,0
TVx5AkAU2sCgBZcTtzD98Bq4QvG6RKRgbH,2023-08-16 01:02:12"",TPAppStore/1.9.0 (iPhone; iOS 15.3; Scale/3.00),111.90.181.200,61418,0
